1651708800000,2940.36000000,2953.62000000,2939.78000000,2951.02000000,192.37660000,1651709099999,567036.79387900,505,124.96060000,368235.77657100,0
1651709100000,2951.16000000,2954.10000000,2946.88000000,2946.89000000,40.65260000,1651709399999,119902.31332400,157,24.00390000,70785.08591900,0
1651709400000,2946.55000000,2947.73000000,2945.00000000,2945.77000000,22.46620000,1651709699999,66199.14916800,137,10.84100000,31941.21025300,0
1651709700000,2945.26000000,2947.44000000,2938.45000000,2938.66000000,32.93180000,1651709999999,96914.53292400,142,20.71550000,60958.96938500,0
1651710000000,2938.30000000,2946.81000000,2937.86000000,2943.95000000,43.36570000,1651710299999,127605.81510200,172,19.41090000,57119.83339200,0
1651710300000,2943.70000000,2948.53000000,2943.70000000,2948.11000000,24.15610000,1651710599999,71182.45945400,106,16.31140000,48066.67504500,0
1651710600000,2948.54000000,2949.92000000,2946.69000000,2948.24000000,18.28960000,1651710899999,53917.30817300,105,9.11240000,26861.15748500,0
1651710900000,2948.40000000,2948.47000000,2944.76000000,2944.76000000,19.82070000,1651711199999,58411.34076500,77,14.72180000,43387.28347500,0
1651711200000,2944.95000000,2948.49000000,2944.95000000,2946.42000000,42.28470000,1651711499999,124607.02024700,134,28.37360000,83613.26462800,0
1651711500000,2946.57000000,2946.95000000,2944.68000000,2944.71000000,16.36800000,1651711799999,48209.24281200,66,8.92540000,26286.55068600,0
1651711800000,2944.79000000,2944.79000000,2940.99000000,2941.99000000,49.58120000,1651712099999,145895.21365800,137,30.48190000,89685.08476500,0
1651712100000,2941.92000000,2943.48000000,2940.99000000,2942.69000000,18.97260000,1651712399999,55816.19435200,83,13.02330000,38310.24678100,0
1651712400000,2942.51000000,2944.81000000,2941.65000000,2944.73000000,24.97510000,1651712699999,73502.11451000,122,9.55170000,28107.68390500,0
1651712700000,2944.73000000,2945.46000000,2939.89000000,2941.08000000,37.59270000,1651712999999,110608.17779400,143,17.27610000,50828.51905100,0
1651713000000,2941.30000000,2941.71000000,2939.85000000,2940.03000000,21.63930000,1651713299999,63637.64897900,58,15.29070000,44965.76988000,0
1651713300000,2941.11000000,2943.52000000,2939.51000000,2941.30000000,36.59220000,1651713599999,107615.38913800,137,21.95290000,64555.85086900,0
1651713600000,2940.80000000,2942.47000000,2940.43000000,2942.47000000,15.33140000,1651713899999,45094.05174300,79,5.14800000,15139.30894400,0
1651713900000,2942.78000000,2948.75000000,2942.78000000,2947.93000000,34.81290000,1651714199999,102576.46283900,131,26.03540000,76706.61105300,0
1651714200000,2947.53000000,2948.62000000,2945.76000000,2946.76000000,21.59150000,1651714499999,63635.21484500,63,12.81510000,37770.63569700,0
1651714500000,2946.58000000,2947.65000000,2946.13000000,2947.03000000,23.71730000,1651714799999,69891.86045400,81,11.65400000,34340.14371100,0
1651714800000,2946.85000000,2946.85000000,2944.64000000,2946.23000000,18.43210000,1651715099999,54300.50513800,67,9.04900000,26657.84594300,0
1651715100000,2946.35000000,2946.62000000,2943.67000000,2943.80000000,18.89120000,1651715399999,55634.92900200,67,8.40160000,24741.01410600,0
1651715400000,2943.67000000,2944.69000000,2939.60000000,2940.04000000,38.93160000,1651715699999,114525.77867200,94,21.15240000,62223.17586100,0
1651715700000,2940.56000000,2941.51000000,2939.76000000,2940.08000000,25.08120000,1651715999999,73749.52220200,66,17.67530000,51970.07063900,0
1651716000000,2940.18000000,2944.95000000,2939.45000000,2944.95000000,35.42330000,1651716299999,104211.11992500,135,14.33630000,42176.44919300,0
1651716300000,2944.76000000,2948.07000000,2943.51000000,2948.07000000,37.99950000,1651716599999,111930.36211600,158,29.39090000,86581.69065300,0
1651716600000,2947.73000000,2951.78000000,2947.09000000,2950.16000000,51.98890000,1651716899999,153352.82573500,173,26.12560000,77053.83791600,0
1651716900000,2949.50000000,2950.67000000,2948.29000000,2948.32000000,26.79070000,1651717199999,79019.53184300,107,10.17090000,29995.38523700,0
1651717200000,2947.68000000,2948.31000000,2945.66000000,2945.75000000,12.77330000,1651717499999,37640.54925900,62,9.00880000,26542.88850500,0
1651717500000,2945.34000000,2947.05000000,2944.50000000,2946.69000000,12.48510000,1651717799999,36778.77117700,55,6.17210000,18178.24987800,0
1651717800000,2947.39000000,2948.55000000,2946.47000000,2947.37000000,54.44710000,1651718099999,160468.30588700,120,42.15500000,124234.33123800,0
1651718100000,2947.23000000,2947.27000000,2945.43000000,2946.66000000,20.76200000,1651718399999,61172.06819900,82,11.58560000,34131.47393400,0
1651718400000,2946.86000000,2947.98000000,2943.98000000,2947.88000000,25.64090000,1651718699999,75554.51829000,83,10.45500000,30812.26312000,0
1651718700000,2947.68000000,2947.68000000,2945.44000000,2945.75000000,7.34990000,1651718999999,21654.19068800,45,3.99850000,11778.22419000,0
1651719000000,2945.79000000,2946.11000000,2943.74000000,2945.29000000,25.51380000,1651719299999,75143.38520400,71,14.80730000,43613.98905200,0
1651719300000,2945.31000000,2949.84000000,2945.31000000,2947.79000000,48.13340000,1651719599999,141866.39764000,153,33.16610000,97742.23687900,0
1651719600000,2947.06000000,2947.79000000,2944.65000000,2945.11000000,26.98220000,1651719899999,79500.28203700,76,7.97480000,23499.25375700,0
1651719900000,2944.81000000,2945.28000000,2942.83000000,2944.12000000,24.97580000,1651720199999,73539.61579100,75,15.58380000,45883.00628000,0
1651720200000,2945.41000000,2945.43000000,2944.15000000,2944.48000000,10.20700000,1651720499999,30056.91309500,42,4.67030000,13750.81272100,0
1651720500000,2944.24000000,2944.80000000,2943.38000000,2944.52000000,26.41330000,1651720799999,77766.97089300,94,8.57160000,25236.96646000,0
1651720800000,2944.66000000,2944.99000000,2943.03000000,2944.10000000,34.47810000,1651721099999,101511.10211500,71,0.53450000,1573.39228100,0
1651721100000,2943.64000000,2944.52000000,2943.64000000,2943.99000000,6.25130000,1651721399999,18403.80836700,42,3.55730000,10472.23735900,0
1651721400000,2943.85000000,2943.89000000,2940.84000000,2940.84000000,47.37120000,1651721699999,139368.78125200,168,24.50820000,72105.91356400,0
1651721700000,2940.68000000,2940.68000000,2937.86000000,2938.25000000,39.34980000,1651721999999,115654.55201700,106,19.86480000,58379.18051100,0
1651722000000,2939.18000000,2940.81000000,2937.92000000,2938.28000000,24.39090000,1651722299999,71692.60080400,80,10.86210000,31922.39540800,0
1651722300000,2938.28000000,2943.84000000,2937.86000000,2942.34000000,44.58530000,1651722599999,131173.34013500,171,29.08290000,85561.70928000,0
1651722600000,2941.84000000,2942.28000000,2940.55000000,2941.47000000,13.76040000,1651722899999,40480.72813000,47,8.52580000,25081.35748900,0
1651722900000,2941.21000000,2941.92000000,2940.05000000,2941.44000000,19.08200000,1651723199999,56125.38101000,71,7.58400000,22306.28082600,0
1651723200000,2941.49000000,2941.95000000,2939.22000000,2940.65000000,33.21550000,1651723499999,97677.87796100,80,13.77760000,40519.00308500,0
1651723500000,2940.14000000,2941.60000000,2939.49000000,2939.53000000,5.15080000,1651723799999,15144.65295400,38,1.27540000,3749.42953300,0
1651723800000,2939.88000000,2941.62000000,2938.12000000,2938.87000000,9.86040000,1651724099999,28991.38241300,49,6.85690000,20161.04620700,0
1651724100000,2939.26000000,2941.46000000,2939.02000000,2941.29000000,19.46340000,1651724399999,57219.22283400,76,5.65530000,16628.70824300,0
1651724400000,2941.89000000,2943.61000000,2941.61000000,2943.58000000,16.43300000,1651724699999,48356.97341700,55,9.12700000,26858.62913400,0
1651724700000,2943.63000000,2943.63000000,2940.91000000,2941.36000000,8.67220000,1651724999999,25507.86658600,45,5.53510000,16280.35883200,0
1651725000000,2941.78000000,2942.32000000,2940.41000000,2940.41000000,4.34730000,1651725299999,12787.80310200,19,2.79380000,8217.25608400,0
1651725300000,2940.00000000,2942.27000000,2939.62000000,2941.51000000,5.94220000,1651725599999,17475.10874100,32,1.73950000,5116.61907600,0
1651725600000,2941.94000000,2945.46000000,2940.76000000,2944.91000000,14.22340000,1651725899999,41842.62150700,49,6.62540000,19486.12072200,0
1651725900000,2946.14000000,2947.50000000,2945.04000000,2946.77000000,21.05510000,1651726199999,62028.92986300,85,11.02520000,32476.29467300,0
1651726200000,2945.96000000,2946.42000000,2945.18000000,2946.18000000,8.12260000,1651726499999,23926.23861200,33,4.70520000,13859.18587300,0
1651726500000,2946.04000000,2946.27000000,2944.84000000,2945.19000000,12.03140000,1651726799999,35440.82852600,51,6.33510000,18661.50909500,0
1651726800000,2945.19000000,2945.64000000,2943.83000000,2944.72000000,17.35960000,1651727099999,51121.69357400,68,9.70640000,28581.33573500,0
1651727100000,2944.56000000,2944.89000000,2943.00000000,2943.00000000,16.66600000,1651727399999,49064.63130200,69,8.26580000,24332.33179300,0
1651727400000,2942.97000000,2945.92000000,2942.69000000,2945.89000000,24.35290000,1651727699999,71716.17741800,90,9.13790000,26914.12594800,0
1651727700000,2945.77000000,2951.09000000,2945.77000000,2947.87000000,36.16230000,1651727999999,106612.85056300,177,20.75100000,61168.82419700,0
1651728000000,2947.20000000,2947.40000000,2940.14000000,2941.24000000,26.76630000,1651728299999,78790.31354500,103,11.97130000,35257.60764900,0
1651728300000,2940.81000000,2941.63000000,2939.85000000,2940.09000000,7.11570000,1651728599999,20926.32032000,25,4.55110000,13385.92930800,0
1651728600000,2940.15000000,2940.24000000,2935.93000000,2937.69000000,44.12560000,1651728899999,129630.53711100,112,14.02850000,41218.15500700,0
1651728900000,2937.18000000,2937.18000000,2933.86000000,2934.04000000,18.98780000,1651729199999,55729.92125600,97,15.13250000,44413.16986700,0
1651729200000,2933.86000000,2937.67000000,2930.19000000,2934.16000000,35.12100000,1651729499999,103020.23900000,144,18.52430000,54343.38751500,0
1651729500000,2934.11000000,2936.55000000,2930.74000000,2932.87000000,78.22660000,1651729799999,229450.14329100,170,37.10630000,108860.13717900,0
1651729800000,2933.24000000,2933.24000000,2928.56000000,2928.56000000,18.89000000,1651730099999,55358.87715200,88,11.42310000,33471.40152300,0
1651730100000,2928.36000000,2932.89000000,2927.53000000,2931.25000000,31.80020000,1651730399999,93190.71387500,133,17.84670000,52298.45205700,0
1651730400000,2931.60000000,2935.71000000,2931.36000000,2934.82000000,16.90030000,1651730699999,49581.65845500,73,9.89490000,29032.83040900,0
1651730700000,2934.96000000,2935.38000000,2933.35000000,2934.45000000,21.63800000,1651730999999,63490.37942800,64,7.77260000,22808.69670900,0
1651731000000,2934.77000000,2938.14000000,2934.62000000,2936.85000000,5.75630000,1651731299999,16903.22082900,24,3.00420000,8822.67484200,0
1651731300000,2936.71000000,2939.34000000,2936.71000000,2938.31000000,6.68750000,1651731599999,19649.84450300,37,3.22800000,9484.18629100,0
1651731600000,2938.90000000,2939.33000000,2932.42000000,2935.87000000,45.90290000,1651731899999,134750.39770200,75,4.27500000,12555.90099900,0
1651731900000,2935.92000000,2935.92000000,2931.62000000,2932.58000000,8.71850000,1651732199999,25574.94803800,55,1.50780000,4423.97792800,0
1651732200000,2932.73000000,2933.49000000,2927.53000000,2931.90000000,15.24780000,1651732499999,44666.12326300,75,6.86050000,20096.40638900,0
1651732500000,2932.29000000,2932.29000000,2929.79000000,2931.45000000,14.83010000,1651732799999,43462.78192600,75,10.86340000,31835.39122300,0
1651732800000,2931.92000000,2931.92000000,2929.38000000,2929.38000000,10.28510000,1651733099999,30142.90970800,49,2.55010000,7471.50957300,0
1651733100000,2929.85000000,2932.22000000,2929.51000000,2931.54000000,9.77880000,1651733399999,28665.49202500,50,5.23750000,15356.30414500,0
1651733400000,2931.76000000,2932.04000000,2928.84000000,2930.37000000,21.97540000,1651733699999,64383.04329900,54,5.83460000,17095.92659900,0
1651733700000,2930.16000000,2931.31000000,2927.21000000,2928.38000000,32.92670000,1651733999999,96453.99081600,141,11.29500000,33090.61899300,0
1651734000000,2927.63000000,2929.74000000,2926.86000000,2929.66000000,21.31090000,1651734299999,62398.98519800,78,12.82220000,37544.87191800,0
1651734300000,2930.13000000,2930.48000000,2926.40000000,2929.85000000,37.87180000,1651734599999,110894.54173100,161,17.38180000,50899.28729700,0
1651734600000,2929.72000000,2930.11000000,2926.38000000,2927.38000000,40.54310000,1651734899999,118725.94894200,110,18.67810000,54698.17253900,0
1651734900000,2927.38000000,2931.09000000,2924.73000000,2931.09000000,7.82660000,1651735199999,22915.90783300,57,4.97050000,14551.80708500,0
1651735200000,2929.85000000,2932.99000000,2929.03000000,2929.03000000,31.03050000,1651735499999,90969.88245100,116,16.73110000,49051.50178100,0
1651735500000,2928.95000000,2933.27000000,2928.91000000,2931.35000000,21.76390000,1651735799999,63792.55447000,109,13.37820000,39210.51657900,0
1651735800000,2932.97000000,2934.85000000,2932.72000000,2933.65000000,15.96750000,1651736099999,46843.53152300,68,9.47960000,27810.20105300,0
1651736100000,2933.64000000,2937.42000000,2933.01000000,2933.27000000,23.92270000,1651736399999,70232.17037200,113,7.28810000,21392.15927900,0
1651736400000,2933.38000000,2937.52000000,2933.38000000,2937.23000000,14.03200000,1651736699999,41203.61344800,76,2.52610000,7415.25447400,0
1651736700000,2936.76000000,2937.81000000,2935.51000000,2936.65000000,25.20970000,1651736999999,74031.03535900,92,16.24020000,47688.14658200,0
1651737000000,2936.42000000,2936.58000000,2934.23000000,2935.16000000,22.03650000,1651737299999,64688.33500800,84,5.92340000,17387.47463200,0
1651737300000,2934.48000000,2934.99000000,2933.23000000,2933.90000000,17.62450000,1651737599999,51708.22638600,48,11.16230000,32748.53608600,0
1651737600000,2933.82000000,2935.68000000,2917.14000000,2920.75000000,195.61560000,1651737899999,572169.47587100,454,68.37690000,199910.18765300,0
1651737900000,2921.80000000,2929.37000000,2920.89000000,2927.54000000,19.55020000,1651738199999,57236.22451600,82,10.67200000,31249.85301000,0
1651738200000,2928.23000000,2934.01000000,2927.06000000,2933.04000000,10.47470000,1651738499999,30704.90437800,63,6.06830000,17785.96302700,0
1651738500000,2932.64000000,2934.03000000,2932.35000000,2932.58000000,9.09180000,1651738799999,26668.95606000,52,8.03830000,23578.81545000,0
1651738800000,2932.84000000,2933.89000000,2930.82000000,2931.52000000,15.75090000,1651739099999,46185.57990000,90,8.15580000,23913.40928800,0
1651739100000,2930.33000000,2932.63000000,2929.85000000,2930.77000000,31.34310000,1651739399999,91874.25322000,86,17.42390000,51074.11170300,0
1651739400000,2929.32000000,2929.85000000,2926.45000000,2926.76000000,19.69820000,1651739699999,57687.81162100,97,5.61470000,16443.18195000,0
1651739700000,2927.23000000,2928.45000000,2925.54000000,2928.12000000,21.45730000,1651739999999,62805.54497300,83,6.31980000,18499.48457800,0
1651740000000,2927.92000000,2927.92000000,2920.59000000,2923.00000000,32.54650000,1651740299999,95195.72737500,171,17.87620000,52288.98902200,0
1651740300000,2922.87000000,2929.06000000,2921.80000000,2928.01000000,24.39550000,1651740599999,71363.95753500,105,8.12440000,23773.03665000,0
1651740600000,2928.12000000,2928.64000000,2925.84000000,2926.13000000,15.41010000,1651740899999,45109.21094500,63,14.39320000,42132.24881400,0
1651740900000,2925.46000000,2925.71000000,2921.60000000,2924.95000000,26.04130000,1651741199999,76143.83946700,92,10.67250000,31208.24262200,0
1651741200000,2924.15000000,2927.35000000,2924.10000000,2926.43000000,19.73040000,1651741499999,57733.39041100,98,12.77940000,37391.54091100,0
1651741500000,2926.33000000,2929.51000000,2925.68000000,2928.60000000,21.79850000,1651741799999,63820.31491600,85,5.71770000,16736.37277900,0
1651741800000,2929.43000000,2932.65000000,2929.43000000,2931.05000000,27.72300000,1651742099999,81260.42053300,108,17.32310000,50772.89971600,0
1651742100000,2931.17000000,2931.23000000,2929.23000000,2930.16000000,6.25490000,1651742399999,18331.45340300,35,0.33920000,993.81285500,0
1651742400000,2930.01000000,2930.01000000,2918.99000000,2919.56000000,30.95030000,1651742699999,90516.21349200,102,16.03990000,46928.06142400,0
1651742700000,2918.98000000,2920.03000000,2915.87000000,2919.21000000,14.71250000,1651742999999,42933.78645400,82,6.31820000,18438.74836800,0
1651743000000,2918.58000000,2919.68000000,2916.13000000,2918.36000000,11.14510000,1651743299999,32514.91301600,40,6.57350000,19177.11722800,0
1651743300000,2918.74000000,2922.92000000,2918.74000000,2921.46000000,15.39520000,1651743599999,44964.28617000,68,8.91590000,26036.98773600,0
1651743600000,2921.19000000,2922.97000000,2921.19000000,2922.21000000,23.64830000,1651743899999,69101.79196400,106,12.23610000,35751.92937500,0
1651743900000,2921.20000000,2922.35000000,2919.97000000,2920.65000000,19.00920000,1651744199999,55535.70596500,104,3.76830000,11008.81363500,0
1651744200000,2920.18000000,2923.70000000,2918.18000000,2923.70000000,22.80300000,1651744499999,66585.81630600,115,13.04760000,38097.62922000,0
1651744500000,2923.50000000,2924.69000000,2921.65000000,2923.63000000,12.19190000,1651744799999,35640.50771000,81,5.62480000,16441.10215800,0
1651744800000,2923.25000000,2927.64000000,2923.12000000,2925.36000000,29.60580000,1651745099999,86588.43788000,104,17.83840000,52178.64353900,0
1651745100000,2925.27000000,2930.11000000,2924.22000000,2927.40000000,36.24380000,1651745399999,106098.43367000,107,27.06990000,79243.20730800,0
1651745400000,2927.40000000,2929.95000000,2927.40000000,2929.91000000,19.82460000,1651745699999,58065.78910100,93,2.60610000,7630.81545900,0
1651745700000,2929.67000000,2929.67000000,2925.29000000,2925.29000000,40.37250000,1651745999999,118191.07747400,157,19.61540000,57431.98633200,0
1651746000000,2924.43000000,2927.22000000,2924.29000000,2926.21000000,33.11820000,1651746299999,96895.77561200,104,26.96020000,78881.61448100,0
1651746300000,2926.18000000,2930.76000000,2924.44000000,2930.76000000,28.68430000,1651746599999,83940.63759100,154,7.91080000,23147.87251000,0
1651746600000,2931.31000000,2931.64000000,2929.26000000,2931.05000000,13.48940000,1651746899999,39531.54559400,64,9.94910000,29155.57591600,0
1651746900000,2930.37000000,2935.12000000,2930.17000000,2935.12000000,17.69270000,1651747199999,51872.02098800,110,7.68150000,22519.05110500,0
1651747200000,2935.50000000,2938.29000000,2933.96000000,2934.53000000,49.23410000,1651747499999,144535.77276200,228,21.63680000,63521.45864900,0
1651747500000,2934.58000000,2934.58000000,2929.61000000,2930.54000000,29.87820000,1651747799999,87593.73126800,121,14.35530000,42082.06744100,0
1651747800000,2930.54000000,2931.74000000,2925.26000000,2925.99000000,61.62850000,1651748099999,180521.51837000,162,25.27510000,74063.87500900,0
1651748100000,2926.04000000,2929.09000000,2924.65000000,2927.77000000,30.40850000,1651748399999,89012.94051300,97,12.67780000,37104.40162000,0
1651748400000,2927.68000000,2930.87000000,2926.28000000,2929.81000000,51.69770000,1651748699999,151393.41464100,150,30.74200000,90014.52888200,0
1651748700000,2929.70000000,2932.81000000,2929.47000000,2930.48000000,28.21040000,1651748999999,82687.61098900,105,13.72380000,40223.47746400,0
1651749000000,2930.33000000,2931.67000000,2927.64000000,2929.10000000,22.24940000,1651749299999,65189.83019100,89,9.81120000,28748.86369500,0
1651749300000,2929.41000000,2929.41000000,2926.97000000,2927.33000000,8.27650000,1651749599999,24234.19007300,41,6.68500000,19573.06632300,0
1651749600000,2927.81000000,2931.37000000,2927.07000000,2931.05000000,29.57960000,1651749899999,86657.65807500,99,10.81520000,31689.34781300,0
1651749900000,2931.22000000,2931.22000000,2928.50000000,2930.26000000,22.29670000,1651750199999,65330.52642500,93,10.98710000,32197.48580000,0
1651750200000,2929.70000000,2930.06000000,2926.82000000,2928.59000000,41.75020000,1651750499999,122245.05447800,143,19.65130000,57538.30259200,0
1651750500000,2928.59000000,2928.89000000,2926.85000000,2928.26000000,23.16550000,1651750799999,67825.88081200,92,14.61090000,42776.60915300,0
1651750800000,2927.31000000,2930.57000000,2927.31000000,2930.57000000,20.24410000,1651751099999,59310.05588600,82,5.25130000,15387.62872200,0
1651751100000,2930.65000000,2930.66000000,2924.65000000,2925.15000000,29.54880000,1651751399999,86478.35071500,166,14.23990000,41679.81962900,0
1651751400000,2925.14000000,2925.16000000,2921.03000000,2921.91000000,10.47310000,1651751699999,30611.20796500,95,5.47720000,16007.76902500,0
1651751700000,2922.35000000,2925.34000000,2922.35000000,2925.10000000,19.57930000,1651751999999,57242.20644800,75,8.60400000,25160.62086000,0
1651752000000,2925.14000000,2925.14000000,2921.79000000,2924.96000000,78.61240000,1651752299999,229797.24519800,197,66.72970000,195063.61210200,0
1651752300000,2924.95000000,2929.63000000,2924.95000000,2929.63000000,30.44130000,1651752599999,89123.12741400,114,11.85200000,34697.54824000,0
1651752600000,2929.94000000,2934.84000000,2929.76000000,2930.66000000,27.24650000,1651752899999,79878.67229000,104,15.34370000,44979.58114200,0
1651752900000,2931.05000000,2931.98000000,2926.74000000,2931.47000000,28.04430000,1651753199999,82141.27793900,111,9.44420000,27659.14415900,0
1651753200000,2931.47000000,2931.58000000,2926.76000000,2926.76000000,24.59560000,1651753499999,72041.30591700,98,12.54760000,36752.44596500,0
1651753500000,2926.26000000,2931.21000000,2925.30000000,2930.75000000,28.14590000,1651753799999,82438.58510000,100,16.68350000,48869.56822600,0
1651753800000,2930.55000000,2934.14000000,2929.84000000,2930.00000000,27.11680000,1651754099999,79507.91285400,85,13.41650000,39340.69702000,0
1651754100000,2929.66000000,2933.65000000,2929.66000000,2932.02000000,8.68250000,1651754399999,25447.81601000,64,3.78040000,11078.73451500,0
1651754400000,2931.98000000,2932.34000000,2931.28000000,2931.83000000,14.03660000,1651754699999,41153.12547800,38,5.03370000,14757.48145900,0
1651754700000,2932.19000000,2933.46000000,2930.13000000,2931.24000000,17.74830000,1651754999999,52044.25448300,82,8.53880000,25037.88834400,0
1651755000000,2931.24000000,2931.71000000,2929.83000000,2929.83000000,22.69070000,1651755299999,66505.72822800,73,9.86680000,28914.92851700,0
1651755300000,2930.02000000,2930.07000000,2927.73000000,2929.28000000,20.98240000,1651755599999,61458.64667000,66,7.03890000,20614.49844000,0
1651755600000,2928.99000000,2928.99000000,2920.81000000,2922.58000000,41.29190000,1651755899999,120839.51338800,121,14.45360000,42268.75647500,0
1651755900000,2922.08000000,2926.97000000,2921.48000000,2926.39000000,22.22880000,1651756199999,65009.39788500,82,12.54150000,36692.02352300,0
1651756200000,2926.56000000,2927.01000000,2924.99000000,2926.88000000,34.21710000,1651756499999,100128.71179400,87,18.21650000,53300.56331400,0
1651756500000,2926.36000000,2929.19000000,2922.02000000,2922.02000000,56.48170000,1651756799999,165245.39632900,95,11.60530000,33959.29071400,0
1651756800000,2922.17000000,2923.93000000,2919.44000000,2922.05000000,41.83470000,1651757099999,122258.60745800,116,17.44710000,50992.33033200,0
1651757100000,2921.10000000,2924.81000000,2920.87000000,2924.24000000,37.92600000,1651757399999,110859.30466800,106,18.58840000,54331.11142200,0
1651757400000,2923.43000000,2923.85000000,2914.81000000,2918.22000000,47.20440000,1651757699999,137808.94576600,160,24.09760000,70352.42125100,0
1651757700000,2918.47000000,2923.84000000,2913.14000000,2914.14000000,59.06980000,1651757999999,172423.43431100,201,20.09810000,58654.11394900,0
1651758000000,2914.63000000,2918.73000000,2910.57000000,2911.12000000,34.49010000,1651758299999,100526.20256400,139,12.26410000,35743.65939600,0
1651758300000,2910.96000000,2914.65000000,2890.60000000,2902.06000000,274.77070000,1651758599999,797751.06464000,422,52.85600000,153693.69909600,0
1651758600000,2902.14000000,2905.80000000,2898.88000000,2899.60000000,58.62810000,1651758899999,170140.80048600,202,33.67520000,97736.06682600,0
1651758900000,2899.57000000,2901.53000000,2891.85000000,2894.45000000,97.78060000,1651759199999,283208.12152300,297,54.20180000,156994.69546400,0
1651759200000,2893.27000000,2902.53000000,2883.42000000,2884.30000000,201.05830000,1651759499999,581834.28545600,523,100.55250000,291061.92005000,0
1651759500000,2883.44000000,2885.54000000,2872.31000000,2879.89000000,192.86480000,1651759799999,555043.89337000,419,126.15380000,362995.15276300,0
1651759800000,2880.36000000,2889.33000000,2877.16000000,2883.82000000,150.80210000,1651760099999,434643.02561700,365,94.35680000,271893.76057500,0
1651760100000,2883.54000000,2884.39000000,2872.96000000,2877.56000000,35.71760000,1651760399999,102763.21202700,167,17.60690000,50655.93354300,0
1651760400000,2877.73000000,2878.06000000,2856.50000000,2863.77000000,101.95790000,1651760699999,292285.76940700,450,46.56950000,133513.05144800,0
1651760700000,2864.33000000,2871.26000000,2863.33000000,2869.06000000,107.99930000,1651760999999,309802.69386200,271,44.85930000,128665.36496500,0
1651761000000,2869.95000000,2870.32000000,2855.74000000,2858.56000000,96.06640000,1651761299999,275023.31398900,303,29.68040000,84983.32024600,0
1651761300000,2859.18000000,2864.80000000,2851.19000000,2853.08000000,132.24210000,1651761599999,377680.32877800,387,54.73820000,156382.93329900,0
1651761600000,2852.81000000,2852.82000000,2840.14000000,2850.55000000,91.49720000,1651761899999,260545.59342600,374,36.59790000,104197.11350000,0
1651761900000,2849.17000000,2851.88000000,2830.88000000,2836.59000000,92.81090000,1651762199999,263584.27176300,285,52.64070000,149494.80232300,0
1651762200000,2835.57000000,2840.97000000,2830.89000000,2832.65000000,87.01450000,1651762499999,246633.56009500,296,42.92090000,121651.22279400,0
1651762500000,2832.48000000,2837.76000000,2814.37000000,2830.60000000,247.00830000,1651762799999,697863.02847500,623,97.54620000,275651.48592300,0
1651762800000,2830.14000000,2830.14000000,2809.70000000,2810.00000000,492.24690000,1651763099999,1387421.77009100,824,154.37440000,434954.29515100,0
1651763100000,2809.66000000,2810.00000000,2732.55000000,2755.87000000,560.64520000,1651763399999,1557173.22487300,1822,226.00680000,627207.42639800,0
1651763400000,2755.31000000,2792.24000000,2755.16000000,2783.26000000,424.95880000,1651763699999,1179618.86404100,1278,322.90360000,895844.47106100,0
1651763700000,2781.95000000,2785.87000000,2762.62000000,2777.78000000,185.15840000,1651763999999,513839.96432300,845,103.99990000,288693.95880400,0
1651764000000,2777.91000000,2779.52000000,2761.89000000,2761.89000000,103.68260000,1651764299999,287249.56831900,441,54.90960000,152121.75871700,0
1651764300000,2761.89000000,2770.00000000,2751.97000000,2764.08000000,190.63600000,1651764599999,526251.42089000,664,127.22040000,351298.70246200,0
1651764600000,2763.90000000,2777.12000000,2757.54000000,2768.98000000,171.75820000,1651764899999,475111.82542800,559,107.72840000,297784.77704500,0
1651764900000,2766.51000000,2778.13000000,2766.51000000,2769.00000000,161.74710000,1651765199999,448224.73777800,442,85.85180000,237844.52289200,0
1651765200000,2768.97000000,2772.48000000,2758.10000000,2759.13000000,141.36720000,1651765499999,391015.95594000,384,60.91880000,168539.31728600,0
1651765500000,2758.05000000,2765.59000000,2754.12000000,2755.15000000,80.84640000,1651765799999,222913.29654800,294,41.14700000,113467.59186900,0
1651765800000,2755.16000000,2755.40000000,2730.72000000,2732.10000000,114.91870000,1651766099999,315024.47522300,639,61.59720000,168834.93273100,0
1651766100000,2732.81000000,2749.12000000,2729.01000000,2742.76000000,111.67710000,1651766399999,305919.13559400,457,62.44650000,171031.78480500,0
1651766400000,2741.62000000,2758.68000000,2729.59000000,2752.82000000,202.21790000,1651766699999,554820.86245000,681,111.47750000,305872.68357200,0
1651766700000,2752.50000000,2753.15000000,2734.93000000,2736.00000000,153.80560000,1651766999999,422869.41161000,354,114.10490000,313837.01236900,0
1651767000000,2735.62000000,2759.50000000,2728.26000000,2745.74000000,198.14320000,1651767299999,542981.03852100,392,132.30500000,362917.98327900,0
1651767300000,2744.24000000,2753.39000000,2740.53000000,2753.39000000,38.75410000,1651767599999,106495.38737200,168,23.91300000,65700.98566700,0
1651767600000,2753.35000000,2771.67000000,2753.01000000,2754.60000000,147.81450000,1651767899999,407852.34919800,359,77.85630000,214956.45836800,0
1651767900000,2756.20000000,2763.33000000,2750.93000000,2758.66000000,47.39580000,1651768199999,130601.51979100,193,22.38580000,61683.95707700,0
1651768200000,2757.75000000,2759.77000000,2747.64000000,2748.30000000,56.68700000,1651768499999,155967.19549600,193,24.37710000,67089.10885100,0
1651768500000,2747.55000000,2751.39000000,2739.62000000,2751.22000000,163.42330000,1651768799999,448262.80146000,305,138.38560000,379552.70328600,0
1651768800000,2751.10000000,2751.10000000,2741.63000000,2745.95000000,54.32780000,1651769099999,149266.69920000,153,25.61900000,70355.86689400,0
1651769100000,2745.86000000,2754.25000000,2744.56000000,2752.16000000,60.44980000,1651769399999,166164.15586300,227,34.76880000,95571.38999300,0
1651769400000,2750.84000000,2758.39000000,2750.84000000,2755.73000000,22.60280000,1651769699999,62285.67899700,124,10.74260000,29595.11122400,0
1651769700000,2756.46000000,2763.04000000,2755.60000000,2759.14000000,23.76320000,1651769999999,65586.90267500,117,10.45530000,28860.19281600,0
1651770000000,2760.35000000,2768.82000000,2758.53000000,2762.79000000,77.70710000,1651770299999,214668.86118900,264,34.73550000,96007.46391100,0
1651770300000,2764.27000000,2770.69000000,2759.30000000,2769.25000000,49.80230000,1651770599999,137831.59585300,164,23.12220000,63964.66363400,0
1651770600000,2769.00000000,2769.00000000,2758.91000000,2759.11000000,36.36290000,1651770899999,100486.89624800,128,16.64440000,45973.80159700,0
1651770900000,2759.81000000,2761.29000000,2752.23000000,2755.62000000,15.40290000,1651771199999,42452.63941400,107,6.10340000,16819.98687900,0
1651771200000,2753.64000000,2754.60000000,2749.47000000,2753.03000000,42.23990000,1651771499999,116230.64469100,112,14.22380000,39146.01456100,0
1651771500000,2752.21000000,2754.66000000,2745.30000000,2752.88000000,21.07180000,1651771799999,57932.12930700,137,10.24720000,28166.90391900,0
1651771800000,2750.48000000,2751.68000000,2745.44000000,2750.43000000,30.26910000,1651772099999,83196.44898700,104,17.98130000,49425.20215100,0
1651772100000,2751.43000000,2760.68000000,2751.36000000,2753.40000000,64.17960000,1651772399999,176908.55497500,213,30.94030000,85272.34342900,0
1651772400000,2754.17000000,2759.09000000,2751.66000000,2754.95000000,29.78310000,1651772699999,82058.48716900,116,13.19550000,36354.48213800,0
1651772700000,2752.19000000,2754.27000000,2749.08000000,2749.65000000,77.75180000,1651772999999,213922.76180600,191,51.08730000,140582.90906500,0
1651773000000,2748.96000000,2751.50000000,2745.18000000,2748.73000000,50.41050000,1651773299999,138565.02820300,123,30.01930000,82514.26323000,0
1651773300000,2749.32000000,2749.63000000,2741.42000000,2743.83000000,33.70740000,1651773599999,92507.53551400,126,22.62080000,62068.21071300,0
1651773600000,2742.07000000,2743.36000000,2736.98000000,2738.86000000,73.34540000,1651773899999,200930.87567000,211,46.02360000,126050.24099700,0
1651773900000,2738.60000000,2750.31000000,2734.34000000,2745.12000000,71.34910000,1651774199999,195664.24876100,236,53.19560000,145873.29724500,0
1651774200000,2745.93000000,2746.33000000,2735.55000000,2743.64000000,10.39720000,1651774499999,28478.92713300,69,5.80930000,15907.95745500,0
1651774500000,2742.51000000,2751.98000000,2738.31000000,2750.40000000,19.05200000,1651774799999,52323.95654100,94,7.63800000,20962.60577700,0
1651774800000,2751.70000000,2752.03000000,2705.00000000,2711.39000000,289.70890000,1651775099999,788612.80575600,751,65.15240000,177214.35512700,0
1651775100000,2713.88000000,2725.87000000,2709.54000000,2717.58000000,77.06880000,1651775399999,209556.03312000,468,31.49230000,85651.83687000,0
1651775400000,2717.82000000,2727.58000000,2717.59000000,2719.24000000,65.15190000,1651775699999,177390.26702200,275,32.10230000,87454.00520300,0
1651775700000,2719.92000000,2727.41000000,2714.45000000,2721.19000000,52.00040000,1651775999999,141538.65149000,246,24.58150000,66922.34449900,0
1651776000000,2719.25000000,2721.02000000,2715.32000000,2716.52000000,31.69040000,1651776299999,86138.12494600,133,12.78900000,34753.14760600,0
1651776300000,2720.36000000,2734.41000000,2720.36000000,2730.38000000,88.20060000,1651776599999,240653.56312700,275,43.90460000,119753.08909200,0
1651776600000,2729.98000000,2741.34000000,2729.85000000,2729.85000000,53.28580000,1651776899999,145849.14651100,228,26.25810000,71856.25229900,0
1651776900000,2729.31000000,2729.48000000,2722.02000000,2728.57000000,34.28520000,1651777199999,93467.26153800,113,24.24810000,66109.18694600,0
1651777200000,2728.82000000,2728.82000000,2716.11000000,2721.42000000,644.38300000,1651777499999,1753982.46780200,609,63.37310000,172499.15375300,0
1651777500000,2721.37000000,2723.34000000,2702.76000000,2715.01000000,754.29780000,1651777799999,2050692.34410900,1070,153.51380000,416955.60752300,0
1651777800000,2714.55000000,2717.76000000,2708.10000000,2708.47000000,153.50740000,1651778099999,416381.98457700,293,118.75480000,322122.93174300,0
1651778100000,2709.94000000,2713.33000000,2688.36000000,2710.77000000,1331.15820000,1651778399999,3601984.59907600,1690,109.41430000,295651.29641900,0
1651778400000,2711.50000000,2717.58000000,2700.29000000,2704.24000000,60.31450000,1651778699999,163368.92386500,271,27.93690000,75704.56842200,0
1651778700000,2703.95000000,2710.96000000,2702.24000000,2702.60000000,69.42130000,1651778999999,187987.56910800,238,43.29930000,117264.16047000,0
1651779000000,2701.58000000,2713.12000000,2698.44000000,2709.36000000,101.80340000,1651779299999,275858.75346300,264,23.87850000,64629.93886700,0
1651779300000,2710.15000000,2720.96000000,2697.46000000,2705.46000000,304.44080000,1651779599999,825190.91408300,714,98.79790000,267898.73461300,0
1651779600000,2708.16000000,2713.67000000,2705.63000000,2711.42000000,107.33430000,1651779899999,290919.45838100,276,49.87950000,135180.40150000,0
1651779900000,2711.42000000,2715.93000000,2705.68000000,2713.02000000,136.49100000,1651780199999,370120.82224900,361,44.52120000,120613.67073000,0
1651780200000,2713.04000000,2730.53000000,2713.04000000,2723.75000000,246.12710000,1651780499999,669221.57435400,615,164.77070000,447622.51401000,0
1651780500000,2727.41000000,2732.58000000,2724.74000000,2729.08000000,176.45740000,1651780799999,481745.17028900,425,52.37120000,142945.69385900,0
1651780800000,2729.42000000,2729.45000000,2713.88000000,2718.21000000,177.63690000,1651781099999,483093.86227300,286,97.88120000,266052.90596400,0
1651781100000,2718.72000000,2724.88000000,2715.53000000,2723.60000000,25.68540000,1651781399999,69852.70678600,74,21.13460000,57459.28594700,0
1651781400000,2721.38000000,2733.78000000,2721.38000000,2732.91000000,48.96380000,1651781699999,133575.97252500,142,32.89730000,89744.52139800,0
1651781700000,2733.26000000,2733.27000000,2725.15000000,2727.10000000,11.58400000,1651781999999,31609.68775900,67,4.10630000,11201.83667500,0
1651782000000,2727.60000000,2733.82000000,2726.11000000,2732.49000000,54.54380000,1651782299999,148944.57568000,117,39.87180000,108878.22950800,0
1651782300000,2732.63000000,2737.50000000,2730.69000000,2735.83000000,112.76310000,1651782599999,308313.78663800,261,68.26540000,186643.42519900,0
1651782600000,2735.95000000,2746.34000000,2732.63000000,2742.68000000,78.49510000,1651782899999,215173.69007800,241,55.72460000,152753.05248700,0
1651782900000,2742.69000000,2750.32000000,2739.14000000,2739.24000000,73.26330000,1651783199999,201088.33603000,229,46.46920000,127531.41786700,0
1651783200000,2741.97000000,2745.98000000,2739.00000000,2744.99000000,17.70030000,1651783499999,48532.24762100,50,10.46390000,28683.31815700,0
1651783500000,2745.01000000,2746.94000000,2741.12000000,2744.62000000,66.92900000,1651783799999,183647.53080000,142,53.52930000,146878.56557600,0
1651783800000,2744.20000000,2750.35000000,2743.01000000,2750.35000000,53.25170000,1651784099999,146295.58271300,152,24.80330000,68137.70725100,0
1651784100000,2750.56000000,2756.02000000,2750.53000000,2755.99000000,75.64980000,1651784399999,208322.33525200,226,43.45980000,119665.37178800,0
1651784400000,2756.10000000,2756.10000000,2749.30000000,2754.82000000,40.92530000,1651784699999,112617.27533700,108,36.54130000,100541.99675700,0
1651784700000,2753.20000000,2753.20000000,2745.30000000,2746.96000000,42.51640000,1651784999999,116849.34466700,119,16.76520000,46067.34671600,0
1651785000000,2746.66000000,2746.66000000,2741.94000000,2746.22000000,37.54040000,1651785299999,103022.93257900,106,16.76620000,46008.83877100,0
1651785300000,2746.29000000,2750.55000000,2745.84000000,2750.55000000,26.94960000,1651785599999,74056.19096700,105,14.74070000,40508.82993900,0
1651785600000,2751.11000000,2754.84000000,2750.32000000,2750.41000000,63.14920000,1651785899999,173824.46871100,172,25.38230000,69866.31390600,0
1651785900000,2749.99000000,2750.39000000,2747.16000000,2749.90000000,26.29940000,1651786199999,72285.68963800,75,11.77360000,32363.62258300,0
1651786200000,2749.80000000,2750.42000000,2746.82000000,2747.15000000,12.06450000,1651786499999,33167.70037100,37,0.53980000,1484.02604000,0
1651786500000,2746.69000000,2751.63000000,2745.29000000,2751.63000000,23.70640000,1651786799999,65145.15459100,42,23.17410000,63683.07346900,0
1651786800000,2752.27000000,2752.75000000,2747.30000000,2749.01000000,98.36460000,1651787099999,270419.33362200,100,2.00770000,5522.71897500,0
1651787100000,2749.06000000,2750.00000000,2741.66000000,2742.50000000,6.28570000,1651787399999,17256.63955500,49,2.53890000,6973.58406900,0
1651787400000,2741.64000000,2745.62000000,2741.12000000,2742.07000000,2.55060000,1651787699999,6997.33766400,38,1.98740000,5452.00027500,0
1651787700000,2741.89000000,2743.16000000,2735.52000000,2737.32000000,26.92630000,1651787999999,73792.20679600,105,18.61490000,51022.62432500,0
1651788000000,2737.87000000,2741.34000000,2734.34000000,2739.77000000,31.70790000,1651788299999,86805.63694800,100,18.12800000,49596.24029400,0
1651788300000,2738.01000000,2745.34000000,2737.96000000,2742.10000000,6.78400000,1651788599999,18600.40342100,46,4.67440000,12820.70441400,0
1651788600000,2742.15000000,2745.49000000,2739.32000000,2743.14000000,19.88440000,1651788899999,54560.00710300,59,10.39600000,28533.94470100,0
1651788900000,2744.65000000,2744.65000000,2738.84000000,2738.84000000,6.33680000,1651789199999,17371.71693900,51,1.63820000,4489.97258700,0
1651789200000,2738.17000000,2742.34000000,2738.04000000,2740.85000000,16.48040000,1651789499999,45152.28624800,60,11.54990000,31636.52767200,0
1651789500000,2741.32000000,2741.35000000,2734.06000000,2741.00000000,27.06030000,1651789799999,74101.28188300,88,20.49520000,56114.93415700,0
1651789800000,2741.69000000,2746.22000000,2739.80000000,2746.22000000,31.85470000,1651790099999,87325.90302200,93,25.23790000,69187.98831800,0
1651790100000,2746.27000000,2747.17000000,2738.41000000,2738.54000000,35.02520000,1651790399999,96077.20078600,103,18.39960000,50478.17139000,0
1651790400000,2739.98000000,2743.04000000,2739.58000000,2740.55000000,3.25490000,1651790699999,8926.13869400,22,3.15090000,8641.12773400,0
1651790700000,2739.28000000,2742.21000000,2739.06000000,2741.44000000,9.37390000,1651790999999,25684.92386500,40,6.65650000,18239.35662000,0
1651791000000,2740.84000000,2740.84000000,2735.07000000,2736.53000000,29.95560000,1651791299999,82014.23588500,71,25.29970000,69264.27834400,0
1651791300000,2736.61000000,2737.05000000,2732.96000000,2736.51000000,47.18830000,1651791599999,129042.72218200,149,31.99820000,87485.92401300,0
1651791600000,2736.51000000,2741.57000000,2734.60000000,2739.92000000,40.61940000,1651791899999,111223.89752500,112,19.28590000,52809.33023300,0
1651791900000,2739.43000000,2748.08000000,2738.55000000,2748.08000000,16.19600000,1651792199999,44436.22554700,75,11.84070000,32489.23737800,0
1651792200000,2748.10000000,2751.04000000,2740.36000000,2747.62000000,60.03690000,1651792499999,164767.48530900,200,20.68510000,56760.61098100,0
1651792500000,2747.29000000,2752.17000000,2744.31000000,2744.31000000,23.90270000,1651792799999,65703.14924800,90,11.89610000,32701.71237500,0
1651792800000,2742.87000000,2745.24000000,2740.12000000,2744.49000000,10.65100000,1651793099999,29193.78951800,44,3.78660000,10378.76286300,0
1651793100000,2743.28000000,2746.82000000,2742.59000000,2745.73000000,8.85130000,1651793399999,24304.59129500,42,2.77690000,7623.31205000,0
1651793400000,2745.46000000,2749.00000000,2742.89000000,2744.92000000,9.03540000,1651793699999,24814.38858400,39,4.13080000,11347.38260200,0
1651793700000,2745.41000000,2748.51000000,2744.93000000,2746.87000000,3.56850000,1651793999999,9801.48687700,30,2.25150000,6183.24279500,0
1651794000000,2746.04000000,2748.35000000,2742.97000000,2747.90000000,4.56280000,1651794299999,12534.60372500,30,2.40240000,6599.04095100,0
1651794300000,2747.60000000,2749.30000000,2744.74000000,2748.61000000,27.02730000,1651794599999,74231.72425800,83,16.89490000,46402.46694200,0
1651794600000,2748.26000000,2751.96000000,2746.72000000,2750.51000000,19.91000000,1651794899999,54750.64056800,83,7.78260000,21395.51029300,0
1651794900000,2750.39000000,2750.95000000,2746.74000000,2747.55000000,572.73230000,1651795199999,1574184.30700900,624,35.59200000,97827.22589800,0
